[{"compname":"Witold Lutoslawski International Cello Competition","year":1999,"grade":3,"grade":3,"name":"박노을 ","instrument":"첼로","birth":"1976/1위없음","video":"","region":"바르샤바","country":"폴란드","lat":52.2296756,"lng":21.0122287},
{"compname":"Witold Lutoslawski International Cello Competition","year":2011,"grade":3,"grade":3,"name":"임희영","instrument":"첼로","birth":"1987/2위없음","video":"https://youtu.be/tsCOKbTizN4","region":"바르샤바","country":"폴란드","lat":52.2296756,"lng":21.0122287},
{"compname":"Wilhelm Stenhammar International Music Competition","year":2010,"grade":1,"grade":1,"name":"이재식","instrument":"성악","birth":"","video":"","region":"노르셰핑","country":"스웨덴","lat":58.587745,"lng":16.192421},
{"compname":"Weimar International Music Competitions","year":2012,"grade":1,"grade":1,"name":"트리오가스파르(피아노 임효선)","instrument":"피아노 트리오","birth":"","video":"","region":"바이마르","country":"독일","lat":50.9794934,"lng":11.3235439},
{"compname":"Veronica Dunne International Singing Competition","year":2008,"grade":3,"grade":3,"name":"황인수","instrument":"성악","birth":"","video":"","region":"더블린","country":"아일랜드","lat":53.3498053,"lng":-6.2603097},
{"compname":"Van Cliburn International Piano Competition","year":2017,"grade":1,"grade":1,"name":"선우예권","instrument":"피아노","birth":"1989","video":"https://youtu.be/r1rCdLGRb08","region":"포트워스","country":"미국","lat":32.7554883,"lng":-97.3307658},
{"compname":"Valencia International Piano Competition 'Iturbi Prize'","year":2008,"grade":2,"grade":2,"name":"김소연","instrument":"피아노","birth":"1981/1위없음","video":"","region":"발렌시아","country":"스페인","lat":39.4699075,"lng":-0.3762881},
{"compname":"Valencia International Piano Competition 'Iturbi Prize'","year":1996,"grade":3,"grade":3,"name":"김정은","instrument":"피아노 ","birth":"1969/1위없음","video":"","region":"발렌시아","country":"스페인","lat":39.4699075,"lng":-0.3762881},
{"compname":"Unisa International Music Competitions","year":2014,"grade":1,"grade":1,"name":"김상윤","instrument":"클라리넷","birth":"","video":"","region":"프리토리아","country":"대한민국","lat":-25.7478676,"lng":28.2292712},
{"compname":"Trondheim International Chamber Music Competition and Academy","year":2003,"grade":3,"grade":3,"name":"김트리오","instrument":"피아노 트리오","birth":"2000년 결성","video":"","region":"트론헤임","country":"노르웨이","lat":63.4305149,"lng":10.3950528},
{"compname":"Trondheim International Chamber Music Competition and Academy","year":2015,"grade":3,"grade":3,"name":"트리오 제이드","instrument":"피아노 트리오","birth":"2006년 결성","video":"https://youtu.be/XLW34scPW4o","region":"트론헤임","country":"노르웨이","lat":63.4305149,"lng":10.3950528},
{"compname":"Trondheim International Chamber Music Competition and Academy","year":2011,"grade":2,"grade":2,"name":"푸르니에 트리오 (바이올린 유슬기)","instrument":"피아노 트리오","birth":"2009년 결정","video":"","region":"트론헤임","country":"노르웨이","lat":63.4305149,"lng":10.3950528},
{"compname":"Tromsø Top of the World International Piano Competition","year":2015,"grade":2,"grade":2,"name":"박종해","instrument":"피아노 ","birth":"1위없음","video":"","region":"트롬쇠","country":"노르웨이","lat":69.6492047,"lng":18.9553239},
{"compname":"Tokyo International Music Competition for Conducting","year":1979,"grade":2,"grade":2,"name":"김홍재(일본국적)","instrument":"지휘","birth":"1954","video":"","region":"도쿄","country":"일본","lat":35.6894875,"lng":139.6917064},
{"compname":"Tokyo International Music Competition for Conducting","year":1997,"grade":2,"grade":2,"name":"장윤성","instrument":"지휘","birth":"1963","video":"","region":"도쿄","country":"일본","lat":35.6894875,"lng":139.6917064},
{"compname":"Tibor Varga International Violin Competition Sion Valais","year":1974,"grade":1,"grade":1,"name":"김남윤","instrument":"바이올린","birth":"1949","video":"https://youtu.be/BQSFJdXYCBU","region":"시온","country":"스위스","lat":46.2331221,"lng":7.360626},
{"compname":"Tibor Varga International Violin Competition Sion Valais","year":2004,"grade":1,"grade":1,"name":"박지윤","instrument":"바이올린","birth":"1986","video":"https://youtu.be/-G3Md6DdnI0","region":"시온","country":"스위스","lat":46.2331221,"lng":7.360626},
{"compname":"The Queen Sonja International Music Competition","year":2017,"grade":1,"grade":1,"name":"박승주","instrument":"성악","birth":"1990","video":"https://youtu.be/cT1X3Mt-8p4","region":"오슬로","country":"노르웨이","lat":59.9138688,"lng":10.7522454},
{"compname":"The Queen Sonja International Music Competition","year":2011,"grade":1,"grade":1,"name":"이동환","instrument":"성악","birth":"1981","video":"https://youtu.be/f9tA5FXMWDc","region":"오슬로","country":"노르웨이","lat":59.9138688,"lng":10.7522454},
{"compname":"The Queen Sonja International Music Competition","year":2009,"grade":1,"grade":1,"name":"정승기","instrument":"성악","birth":"","video":"","region":"오슬로","country":"노르웨이","lat":59.9138688,"lng":10.7522454},
{"compname":"The Mirjam Helin International Singing Competition","year":2014,"grade":1,"grade":1,"name":"김범진","instrument":"성악","birth":"1990","video":"https://youtu.be/h8Tf7vhgheg","region":"헬싱키","country":"핀란드","lat":60.1698557,"lng":24.9383791},
{"compname":"The Mirjam Helin International Singing Competition","year":2005,"grade":1,"grade":1,"name":"김우경","instrument":"성악","birth":"1977","video":"https://youtu.be/Wha3f-IUG5Q","region":"헬싱키","country":"핀란드","lat":60.1698557,"lng":24.9383791},
{"compname":"The Mirjam Helin International Singing Competition","year":2009,"grade":1,"grade":1,"name":"심기환","instrument":"성악","birth":"1983","video":"https://youtu.be/5ttzJHzbkz4","region":"헬싱키","country":"핀란드","lat":60.1698557,"lng":24.9383791},
{"compname":"The International Fryderyk Chopin Piano Competition","year":2015,"grade":1,"grade":1,"name":"조성진 ","instrument":"피아노","birth":"","video":"https://youtu.be/614oSsDS734","region":"바르샤바","country":"폴란드","lat":52.2296756,"lng":21.0122287},
{"compname":"The International Edvard Grieg Piano Competition","year":2016,"grade":1,"grade":1,"name":"안아름","instrument":"피아노","birth":"1984","video":"https://youtu.be/hMJ83jE2px4","region":"베르겐","country":"노르웨이","lat":60.3912628,"lng":5.3220544},
{"compname":"The Hamamatsu International Piano Competition","year":2009,"grade":1,"grade":1,"name":"조성진 ","instrument":"피아노","birth":"1994","video":"https://youtu.be/o0hv8VOvdJs","region":"하마마츠","country":"일본","lat":34.7108344,"lng":137.7261258},
{"compname":"The Gaspar Cassado International Violoncello Competition","year":2006,"grade":1,"grade":1,"name":"강승민 ","instrument":"첼로","birth":"1987","video":"https://youtu.be/BYY6u6-uACs","region":"하치오지","country":"일본","lat":35.6663394,"lng":139.3158056},
{"compname":"The Arthur Rubinstein International Piano Master Competition Founded by Jan Jacob Bistritzky","year":1998,"grade":3,"grade":3,"name":"박종경","instrument":"피아노","birth":"1977","video":"","region":"텔아비브","country":"이스라엘","lat":32.0852999,"lng":34.7817676},
{"compname":"The Arthur Rubinstein International Piano Master Competition Founded by Jan Jacob Bistritzky","year":2005,"grade":3,"grade":3,"name":"손열음","instrument":"피아노","birth":"1986","video":"https://youtu.be/zj_pyyQmeDg","region":"텔아비브","country":"이스라엘","lat":32.0852999,"lng":34.7817676},
{"compname":"The Arthur Rubinstein International Piano Master Competition Founded by Jan Jacob Bistritzky","year":2014,"grade":3,"grade":3,"name":"조성진 ","instrument":"피아노","birth":"1994","video":"https://youtu.be/9_nx3TIbf0k","region":"텔아비브","country":"이스라엘","lat":32.0852999,"lng":34.7817676},
{"compname":"Takamatsu International Piano Competition","year":2014,"grade":1,"grade":1,"name":"문지영","instrument":"피아노","birth":"","video":"","region":"다카마츠","country":"일본","lat":34.3427879,"lng":134.046574},
{"compname":"Seoul International Music Competition","year":2016,"grade":1,"grade":1,"name":"김기훈 ","instrument":"성악","birth":"1992","video":"https://youtu.be/2Ppad9BHj6I","region":"서울","country":"대한민국","lat":37.566535,"lng":126.9779692},
{"compname":"Seoul International Music Competition","year":2013,"grade":1,"grade":1,"name":"김범진","instrument":"성악","birth":"","video":"","region":"서울","country":"대한민국","lat":37.566535,"lng":126.9779692},
{"compname":"Seoul International Music Competition","year":2017,"grade":1,"grade":1,"name":"신창용","instrument":"피아노","birth":"1994","video":"https://youtu.be/TmFzBTXCxFA","region":"서울","country":"대한민국","lat":37.566535,"lng":126.9779692},
{"compname":"Seoul International Music Competition","year":2009,"grade":1,"grade":1,"name":"클라라 주미 강 ","instrument":"바이올린","birth":"","video":"","region":"서울","country":"대한민국","lat":37.566535,"lng":126.9779692},
{"compname":"Seoul International Music Competition","year":2014,"grade":1,"grade":1,"name":"한지호 ","instrument":"피아노","birth":"1992","video":"https://youtu.be/YSCp4cblOnc","region":"서울","country":"대한민국","lat":37.566535,"lng":126.9779692},
{"compname":"Sendai International Music Competition","year":2016,"grade":1,"grade":1,"name":"김현정","instrument":"피아노","birth":"1992","video":"https://youtu.be/HisIRyTwU4c","region":"센다이","country":"일본","lat":38.268215,"lng":140.8693558},
{"compname":"Sendai International Music Competition","year":2013,"grade":1,"grade":1,"name":"선우예권","instrument":"피아노","birth":"","video":"","region":"센다이","country":"일본","lat":38.268215,"lng":140.8693558},
{"compname":"Sendai International Music Competition","year":2016,"grade":1,"grade":1,"name":"장유진","instrument":"바이올린","birth":"1990","video":"https://youtu.be/zd84QuD0E64","region":"센다이","country":"일본","lat":38.268215,"lng":140.8693558},
{"compname":"Sendai International Music Competition","year":2010,"grade":1,"grade":1,"name":"클라라 주미 강 ","instrument":"바이올린","birth":"","video":"","region":"센다이","country":"일본","lat":38.268215,"lng":140.8693558},
{"compname":"Schoenfeld International String Competition","year":2014,"grade":1,"grade":1,"name":"송지원","instrument":"바이올린","birth":"","video":"","region":"하얼빈","country":"중국","lat":45.803775,"lng":126.534967},
{"compname":"Schoenfeld International String Competition","year":2014,"grade":1,"grade":1,"name":"여윤수","instrument":"첼로","birth":"1991","video":"https://youtu.be/j3ypr8W6qvA","region":"하얼빈","country":"중국","lat":45.803775,"lng":126.534967},
{"compname":"Schoenfeld International String Competition","year":2013,"grade":1,"grade":1,"name":"조진주","instrument":"바이올린","birth":"1988","video":"https://youtu.be/8hYqatZMza0","region":"하얼빈","country":"중국","lat":45.803775,"lng":126.534967},
{"compname":"Schoenfeld International String Competition","year":2014,"grade":1,"grade":1,"name":"허자경","instrument":"첼로","birth":"1997","video":"https://youtu.be/K0lwIjQtQKE","region":"하얼빈","country":"중국","lat":45.803775,"lng":126.534967},
{"compname":"Queen Elisabeth Competition ","year":2015,"grade":1,"grade":1,"name":"임지영","instrument":"바이올린","birth":"1995","video":"https://youtu.be/jRI_PVrk_Mg","region":"브뤼셀","country":"벨기에","lat":50.8503463,"lng":4.3517211},
{"compname":"Queen Elisabeth Competition ","year":2009,"grade":1,"grade":1,"name":"전민재","instrument":"작곡 ","birth":"1987","video":"https://youtu.be/jMOXPVjkwlw","region":"브뤼셀","country":"벨기에","lat":50.8503463,"lng":4.3517211},
{"compname":"Queen Elisabeth Competition ","year":2008,"grade":1,"grade":1,"name":"조은화","instrument":"작곡 ","birth":"1973","video":"https://youtu.be/nT55h8Ey8hY","region":"브뤼셀","country":"벨기에","lat":50.8503463,"lng":4.3517211},
{"compname":"Queen Elisabeth Competition ","year":2011,"grade":1,"grade":1,"name":"홍혜란","instrument":"성악","birth":"1991","video":"https://youtu.be/dThZas2jEIM","region":"브뤼셀","country":"벨기에","lat":50.8503463,"lng":4.3517211},
{"compname":"Queen Elisabeth Competition ","year":2014,"grade":1,"grade":1,"name":"황수미","instrument":"성악","birth":"1986","video":"https://youtu.be/9FSmCU4LOzI","region":"브뤼셀","country":"벨기에","lat":50.8503463,"lng":4.3517211},
{"compname":"Prague Spring International Music Competition","year":2015,"grade":1,"grade":1,"name":"김상윤","instrument":"클라리넷","birth":"1987","video":"https://youtu.be/3D8EBl5f4-U","region":"프라하","country":"체코","lat":50.0755381,"lng":14.4378005},
{"compname":"Prague Spring International Music Competition","year":2015,"grade":1,"grade":1,"name":"김유빈","instrument":"플루트","birth":"1997","video":"https://youtu.be/xq8IuHIZcjo","region":"프라하","country":"체코","lat":50.0755381,"lng":14.4378005},
{"compname":"Prague Spring International Music Competition","year":2016,"grade":1,"grade":1,"name":"박진형","instrument":"피아노","birth":"1996","video":"https://youtu.be/ldeWPfd2ZLQ","region":"프라하","country":"체코","lat":50.0755381,"lng":14.4378005},
{"compname":"Paloma O‘Shea Santander International Piano Competition","year":1998,"grade":1,"grade":1,"name":"유영욱","instrument":"피아노","birth":"","video":"","region":"산탄데르","country":"스페인","lat":43.4623057,"lng":-3.8099803},
{"compname":"Paderewski International Piano Competition","year":2013,"grade":1,"grade":1,"name":"문지영","instrument":"피아노","birth":"??(동명이인)","video":"","region":"비드고쉬치","country":"폴란드","lat":53.1234804,"lng":18.0084378},
{"compname":"Paderewski International Piano Competition","year":2016,"grade":1,"grade":1,"name":"이혁","instrument":"피아노","birth":"2000","video":"https://youtu.be/Lg_bf2x97Qk","region":"비드고쉬치","country":"폴란드","lat":53.1234804,"lng":18.0084378},
{"compname":"Osaka International Chamber Music Competition","year":2011,"grade":3,"grade":3,"name":"노부스콰르텟","instrument":"현악4중주","birth":"","video":"","region":"오사카","country":"일본","lat":34.6937378,"lng":135.5021651},
{"compname":"Orleans International Piano Competition","year":2010,"grade":2,"grade":2,"name":"길예진","instrument":"피아노","birth":"1982/1위없음","video":"https://youtu.be/jEzR5RfE8-4","region":"오를레앙","country":"프랑스","lat":47.902964,"lng":1.909251},
{"compname":"Mt. Fuji International Opera Competition of Shizuoka","year":2002,"grade":1,"grade":1,"name":"박현주","instrument":"성악","birth":"1975","video":"https://youtu.be/HXPAn5jgj1o","region":"하마마츠, 시즈오카","country":"일본","lat":34.7108344,"lng":137.7261258},
{"compname":"MARKNEUKIRCHEN International Instrumental Competition","year":2017,"grade":3,"grade":3,"name":"김세준","instrument":"비올라","birth":"1988/3위없음","video":"","region":"마르크노이키르헨","country":"독일","lat":50.3115699,"lng":12.3281398},
{"compname":"MARKNEUKIRCHEN International Instrumental Competition","year":2014,"grade":3,"grade":3,"name":"김우연","instrument":"클라리넷","birth":"1991/2위없음","video":"https://youtu.be/TqwSTpvfCMY","region":"마르크노이키르헨","country":"독일","lat":50.3115699,"lng":12.3281398},
{"compname":"MARKNEUKIRCHEN International Instrumental Competition","year":2011,"grade":3,"grade":3,"name":"성민제","instrument":"더블베이스","birth":"1위없음","video":"","region":"마르크노이키르헨","country":"독일","lat":50.3115699,"lng":12.3281398},
{"compname":"Maria Canals International Music Competition","year":1995,"grade":1,"grade":1,"name":"김원","instrument":"피아노","birth":"1973","video":"https://youtu.be/-kUKUYs-Roo","region":"바르셀로나","country":"스페인","lat":41.3850639,"lng":2.1734035},
{"compname":"Maria Canals International Music Competition","year":2004,"grade":1,"grade":1,"name":"김응수,채문영","instrument":"듀오","birth":"1976","video":"https://youtu.be/Ab7UN0D64Hs","region":"바르셀로나","country":"스페인","lat":41.3850639,"lng":2.1734035},
{"compname":"Maria Canals International Music Competition","year":2012,"grade":1,"grade":1,"name":"안수정","instrument":"피아노","birth":"1988","video":"https://youtu.be/Ab7UN0D64Hs","region":"바르셀로나","country":"스페인","lat":41.3850639,"lng":2.1734035},
{"compname":"Lyon International Chamber Music Competition","year":2009,"grade":3,"grade":3,"name":"노부스콰르텟","instrument":"현악4중주","birth":"2007년 창단/1위없음","video":"https://youtu.be/Jdt8Q_XU7TY","region":"리옹","country":"프랑스","lat":45.764043,"lng":4.835659},
{"compname":"Lyon International Chamber Music Competition","year":2015,"grade":2,"grade":2,"name":"아벨콰르텟","instrument":"현악4중주","birth":"2012년 창단","video":"https://youtu.be/1jCX8xvcr0I","region":"리옹","country":"프랑스","lat":45.764043,"lng":4.835659},
{"compname":"Leeds International Piano Competition","year":2006,"grade":1,"grade":1,"name":"김선욱","instrument":"피아노","birth":"1988","video":"https://youtu.be/UHSpZDhD4Dg","region":"리즈","country":"영국","lat":53.8007554,"lng":-1.5490774},
{"compname":"Kobe International Flute Competition","year":2017,"grade":3,"grade":3,"name":"한여진","instrument":"플루트","birth":"2002/1위없음","video":"","region":"고베","country":"일본","lat":34.690083,"lng":135.1955112},
{"compname":"Joseph Joachim International Violin Competition Hannover","year":2012,"grade":1,"grade":1,"name":"김다미","instrument":"바이올린","birth":"1988","video":"https://youtu.be/KbLd7abMPUM","region":"하노버","country":"독일","lat":52.3758916,"lng":9.7320104},
{"compname":"Joseph Joachim International Violin Competition Hannover","year":2006,"grade":1,"grade":1,"name":"김수연 ","instrument":"바이올린","birth":"","video":"","region":"하노버","country":"독일","lat":52.3758916,"lng":9.7320104},
{"compname":"Jeju International Brass Competition","year":2010,"grade":1,"grade":1,"name":"김태훈 ","instrument":"베이스트롬본","birth":"??","video":"","region":"제주","country":"대한민국","lat":33.4890113,"lng":126.4983023},
{"compname":"Jeju International Brass Competition","year":2017,"grade":1,"grade":1,"name":"김현호 ","instrument":"트럼펫","birth":"1992","video":"https://youtu.be/5QntIK1QjbM","region":"제주","country":"대한민국","lat":33.4890113,"lng":126.4983023},
{"compname":"Jeju International Brass Competition","year":2017,"grade":1,"grade":1,"name":"주인혜","instrument":"테너 트롬본","birth":"1990","video":"","region":"제주","country":"대한민국","lat":33.4890113,"lng":126.4983023},
{"compname":"Jeju International Brass Competition","year":2012,"grade":null,"grade":null,"name":"타카히로 김","instrument":"튜바","birth":"??","video":"","region":"제주","country":"대한민국","lat":33.4890113,"lng":126.4983023},
{"compname":"ISANGYUN Competition","year":2013,"grade":1,"grade":1,"name":"김홍기","instrument":"피아노 ","birth":"1991","video":"https://youtu.be/RmE6E0S6GGI","region":"통영","country":"대한민국","lat":34.8544227,"lng":128.433182},
{"compname":"ISANGYUN Competition","year":2016,"grade":1,"grade":1,"name":"서형민","instrument":"피아노","birth":"1990","video":"https://youtu.be/ImVjTa-o2Cg","region":"통영","country":"대한민국","lat":34.8544227,"lng":128.433182},
{"compname":"ISANGYUN Competition","year":2006,"grade":1,"grade":1,"name":"이정란","instrument":"첼로","birth":"1982","video":"https://youtu.be/br25QsEtDnE","region":"통영","country":"대한민국","lat":34.8544227,"lng":128.433182},
{"compname":"ISANGYUN Competition","year":2017,"grade":1,"grade":1,"name":"송지원","instrument":"바이올린","birth":"","video":"","region":"통영","country":"대한민국","lat":34.8544227,"lng":128.433182},
{"compname":"International Voice Competition of Bilbao-Bizkaia 'Pedro Mª. Unanue'","year":2000,"grade":1,"grade":1,"name":"강형규","instrument":"성악","birth":"1973","video":"https://youtu.be/8BtFTpxWI_M","region":"빌바오","country":"스페인","lat":43.2630126,"lng":-2.9349852},
{"compname":"International Voice Competition of Bilbao-Bizkaia 'Pedro Mª. Unanue'","year":2008,"grade":1,"grade":1,"name":"박종민","instrument":"성악","birth":"1986","video":"https://youtu.be/klKDenERwsQ","region":"빌바오","country":"스페인","lat":43.2630126,"lng":-2.9349852},
{"compname":"International Voice Competition of Bilbao-Bizkaia 'Pedro Mª. Unanue'","year":1998,"grade":1,"grade":1,"name":"배재철","instrument":"성악","birth":"1969","video":"https://youtu.be/QSnVR4X_xnk","region":"빌바오","country":"스페인","lat":43.2630126,"lng":-2.9349852},
{"compname":"International Voice Competition of Bilbao-Bizkaia 'Pedro Mª. Unanue'","year":2012,"grade":1,"grade":1,"name":"정승기","instrument":"성악","birth":"1979","video":"https://youtu.be/VuW4QIfTaVQ","region":"빌바오","country":"스페인","lat":43.2630126,"lng":-2.9349852},
{"compname":"International Voice Competition of Bilbao-Bizkaia 'Pedro Mª. Unanue'","year":1996,"grade":1,"grade":1,"name":"조경화","instrument":"성악","birth":"1966","video":"https://youtu.be/3MsMNu7APkk","region":"빌바오","country":"스페인","lat":43.2630126,"lng":-2.9349852},
{"compname":"International Voice Competition of Bilbao-Bizkaia 'Pedro Mª. Unanue'","year":2012,"grade":1,"grade":1,"name":"조선형","instrument":"성악","birth":"1980","video":"https://youtu.be/neP9IV4E95I","region":"빌바오","country":"스페인","lat":43.2630126,"lng":-2.9349852},
{"compname":"International Voice Competition of Bilbao-Bizkaia 'Pedro Mª. Unanue'","year":2010,"grade":1,"grade":1,"name":"허종훈","instrument":"성악","birth":"1989","video":"https://youtu.be/4S-Qn8pzOFs","region":"빌바오","country":"스페인","lat":43.2630126,"lng":-2.9349852},
{"compname":"International Vocal Competition ‘s-Hertogenbosch","year":2008,"grade":1,"grade":1,"name":"유한승","instrument":"성악","birth":"","video":"","region":"스헤르토헨보스","country":"네덜란드","lat":51.6978162,"lng":5.3036748},
{"compname":"International Violin Competition of Indianapolis","year":2014,"grade":1,"grade":1,"name":"조진주","instrument":"바이올린","birth":"","video":"","region":"인디애나폴리스","country":"미국","lat":39.768403,"lng":-86.158068},
{"compname":"International Violin Competition of Indianapolis","year":1994,"grade":1,"grade":1,"name":"줄리엣강","instrument":"바이올린","birth":"1975","video":"https://youtu.be/wmx0O_OmTUo","region":"인디애나폴리스","country":"미국","lat":39.768403,"lng":-86.158068},
{"compname":"International Violin Competition of Indianapolis","year":2010,"grade":1,"grade":1,"name":"클라라 주미 강","instrument":"바이올린","birth":"1987","video":"https://youtu.be/2W1Ni31A4yQ","region":"인디애나폴리스","country":"미국","lat":39.768403,"lng":-86.158068},
{"compname":"International Violin Competition Leopold Mozart","year":2003,"grade":1,"grade":1,"name":"김수연","instrument":"바이올린","birth":"1987","video":"https://youtu.be/2otttekjPJ4","region":"아우크스부르크","country":"독일","lat":48.3705449,"lng":10.89779},
{"compname":"International Violin Competition Leopold Mozart","year":2016,"grade":1,"grade":1,"name":"송지원","instrument":"바이올린","birth":"1992","video":"https://youtu.be/L8YFzp5iZfM","region":"아우크스부르크","country":"독일","lat":48.3705449,"lng":10.89779},
{"compname":"International Violin Competition Leopold Mozart","year":2006,"grade":1,"grade":1,"name":"이유라","instrument":"바이올린","birth":"1985","video":"https://youtu.be/rwMJKwRw9Ms","region":"아우크스부르크","country":"독일","lat":48.3705449,"lng":10.89779},
{"compname":"International Violin Competition Leopold Mozart","year":2009,"grade":1,"grade":1,"name":"이지혜","instrument":"바이올린","birth":"1986","video":"https://youtu.be/rrjm_o_VsJA","region":"아우크스부르크","country":"독일","lat":48.3705449,"lng":10.89779},
{"compname":"International Violin Competition Henri Marteau","year":2011,"grade":3,"grade":3,"name":"임지영","instrument":"바이올린","birth":"1위없음","video":"","region":"리히텐베르크","country":"독일","lat":52.5335904,"lng":13.4998575},
{"compname":"International Violin Competition 'Premio Paganini'","year":1996,"grade":1,"grade":1,"name":"김수빈(미국국적)","instrument":"바이올린","birth":"1976","video":"https://youtu.be/U68zIxaSi9k","region":"제노아","country":"이탈리아","lat":44.4056499,"lng":8.946256},
{"compname":"International Violin Competition 'Premio Paganini'","year":2015,"grade":1,"grade":1,"name":"양인모","instrument":"바이올린","birth":"1995","video":"https://youtu.be/4BQnPqCW8fQ","region":"제노아","country":"이탈리아","lat":44.4056499,"lng":8.946256},
{"compname":"International Telekom Beethoven Competition","year":2013,"grade":1,"grade":1,"name":"안수정","instrument":"피아노","birth":"","video":"","region":"본","country":"독일","lat":50.73743,"lng":7.0982068},
{"compname":"International Telekom Beethoven Competition","year":2007,"grade":1,"grade":1,"name":"유영욱","instrument":"피아노","birth":"1977","video":"https://youtu.be/RYy_HVrQTjs","region":"본","country":"독일","lat":50.73743,"lng":7.0982068},
{"compname":"International Tchaikovsky Competition","year":2011,"grade":1,"grade":1,"name":"박종민","instrument":"성악","birth":"","video":"","region":"모스크바","country":"러시아","lat":55.755826,"lng":37.6172999},
{"compname":"International Tchaikovsky Competition","year":2011,"grade":1,"grade":1,"name":"서선영","instrument":"성악","birth":"1984","video":"https://youtu.be/S0lzmOhxn_s","region":"모스크바","country":"러시아","lat":55.755826,"lng":37.6172999},
{"compname":"International Tchaikovsky Competition","year":1990,"grade":1,"grade":1,"name":"최현수(미국국적)","instrument":"성악","birth":"1958","video":"https://youtu.be/rHJ5KYdczGo","region":"모스크바","country":"러시아","lat":55.755826,"lng":37.6172999},
{"compname":"International Singing Competition of Toulouse","year":2000,"grade":1,"grade":1,"name":"공병우","instrument":"성악","birth":"1974","video":"https://youtu.be/HRK8iMNNg6o","region":"툴루즈","country":"프랑스","lat":43.604652,"lng":1.444209},
{"compname":"International Singing Competition of Toulouse","year":2016,"grade":1,"grade":1,"name":"길병민","instrument":"성악","birth":"1994","video":"https://youtu.be/xKqCKrT33rM","region":"툴루즈","country":"프랑스","lat":43.604652,"lng":1.444209},
{"compname":"International Singing Competition of Toulouse","year":2014,"grade":1,"grade":1,"name":"김정훈","instrument":"성악","birth":"1988","video":"https://youtu.be/sPrzb8lR96Q","region":"툴루즈","country":"프랑스","lat":43.604652,"lng":1.444209},
{"compname":"International Singing Competition of Toulouse","year":2012,"grade":1,"grade":1,"name":"김주택","instrument":"성악","birth":"1986","video":"https://youtu.be/igagzYtzImo","region":"툴루즈","country":"프랑스","lat":43.604652,"lng":1.444209},
{"compname":"International Singing Competition of Toulouse","year":2008,"grade":1,"grade":1,"name":"정승기","instrument":"성악","birth":"","video":"","region":"툴루즈","country":"프랑스","lat":43.604652,"lng":1.444209},
{"compname":"International Singing Competition of Toulouse","year":1994,"grade":1,"grade":1,"name":"홍상곤","instrument":"성악","birth":"??","video":"","region":"툴루즈","country":"프랑스","lat":43.604652,"lng":1.444209},
{"compname":"International Schubert Competition Dortmund","year":2003,"grade":1,"grade":1,"name":"이용규","instrument":"피아노","birth":"1973","video":"https://youtu.be/GdzapTvb16c","region":"도르트문트","country":"독일","lat":51.5135872,"lng":7.4652981},
{"compname":"International Organ Competition, Saint-Maurice d’Agaune","year":2007,"grade":2,"grade":2,"name":"박준호 ","instrument":"오르간","birth":"1985/1위 없음","video":"","region":"성 모리스","country":"스위스","lat":46.214941,"lng":7.0047948},
{"compname":"International Organ Competition Musashino-Tokyo","year":2008,"grade":3,"grade":3,"name":"박준호 ","instrument":"오르간","birth":"3위없음","video":"","region":"도쿄","country":"일본","lat":35.6894875,"lng":139.6917064},
{"compname":"International Organ Competition Musashino-Tokyo","year":1996,"grade":3,"grade":3,"name":"신동일 ","instrument":"오르간","birth":"2위없음","video":"","region":"도쿄","country":"일본","lat":35.6894875,"lng":139.6917064},
{"compname":"International Organ Competition 'Grand Prix de Chartres'","year":2006,"grade":1,"grade":1,"name":"신동일 ","instrument":"오르간","birth":"1974","video":"","region":"샤르트르","country":"프랑스","lat":48.443854,"lng":1.489012},
{"compname":"International Musical Competition 'Dr. Luis Sigall'","year":1997,"grade":1,"grade":1,"name":"김정은","instrument":"피아노 ","birth":"","video":"","region":"비나델마르","country":"칠레","lat":-33.0153481,"lng":-71.5500276},
{"compname":"International Musical Competition 'Dr. Luis Sigall'","year":2013,"grade":1,"grade":1,"name":"이명현","instrument":"성악","birth":"1988","video":"https://youtu.be/6KFJAltnWuo","region":"비나델마르","country":"칠레","lat":-33.0153481,"lng":-71.5500276},
{"compname":"International Music Competition Cologne ","year":1992,"grade":1,"grade":1,"name":"김혜정","instrument":"피아노","birth":"1965","video":"","region":"쾰른","country":"독일","lat":50.937531,"lng":6.9602786},
{"compname":"International Music Competition Cologne ","year":2011,"grade":1,"grade":1,"name":"유한승","instrument":"성악","birth":"1985","video":"https://youtu.be/0wc9xpy5sMY","region":"쾰른","country":"독일","lat":50.937531,"lng":6.9602786},
{"compname":"International Music Competition Cologne ","year":2003,"grade":1,"grade":1,"name":"윤소영","instrument":"바이올린","birth":"1984","video":"https://youtu.be/sCY-JYryRSw","region":"쾰른","country":"독일","lat":50.937531,"lng":6.9602786},
{"compname":"International Music Competition Cologne ","year":2005,"grade":1,"grade":1,"name":"이진상","instrument":"피아노","birth":"1981","video":"https://youtu.be/SSjPn-qVROo","region":"쾰른","country":"독일","lat":50.937531,"lng":6.9602786},
{"compname":"International Mozart Competition Salzburg","year":2004,"grade":1,"grade":1,"name":"노부스콰르텟","instrument":"현악4중주","birth":"","video":"","region":"잘츠부르크","country":"오스트리아","lat":47.80949,"lng":13.05501},
{"compname":"International Mozart Competition Salzburg","year":2002,"grade":1,"grade":1,"name":"손혜수","instrument":"성악","birth":"1976","video":"https://youtu.be/khAlLTSEHc4","region":"잘츠부르크","country":"오스트리아","lat":47.80949,"lng":13.05501},
{"compname":"International Mozart Competition Salzburg","year":2002,"grade":1,"grade":1,"name":"유진선","instrument":"작곡 ","birth":"??","video":"","region":"잘츠부르크","country":"오스트리아","lat":47.80949,"lng":13.05501},
{"compname":"International Max Rostal Competition for Viola and Violin","year":null,"grade":1,"grade":1,"name":"양고운","instrument":"바이올린","birth":"1972","video":"https://youtu.be/Y3v1nFmC-K8","region":"베를린","country":"독일","lat":52.5200066,"lng":13.404954},
{"compname":"International Max Rostal Competition for Viola and Violin","year":2009,"grade":1,"grade":1,"name":"이마리솔","instrument":"바이올린","birth":"1988","video":"https://youtu.be/VF6hUcWzf40","region":"베를린","country":"독일","lat":52.5200066,"lng":13.404954},
{"compname":"International Max Rostal Competition for Viola and Violin","year":2012,"grade":1,"grade":1,"name":"조가현","instrument":"바이올린","birth":"1985","video":"https://youtu.be/V9pTKn9LsQs","region":"베를린","country":"독일","lat":52.5200066,"lng":13.404954},
{"compname":"International Maj Lind Piano Competition","year":2017,"grade":3,"grade":3,"name":"김지영","instrument":"피아노","birth":"1위없음/1996","video":"","region":"헬싱키","country":"핀란드","lat":60.1698557,"lng":24.9383791},
{"compname":"International M.K. Ciurlionis Piano and Organ Competition","year":2015,"grade":3,"grade":3,"name":"박소영","instrument":"오르간","birth":"??","video":"","region":"빌뉴스","country":"리투아니아","lat":54.6871555,"lng":25.2796514},
{"compname":"International M.K. Ciurlionis Piano and Organ Competition","year":1999,"grade":2,"grade":2,"name":"신동일 ","instrument":"오르간","birth":"2위없음","video":"","region":"빌뉴스","country":"리투아니아","lat":54.6871555,"lng":25.2796514},
{"compname":"International M.K. Ciurlionis Piano and Organ Competition","year":2007,"grade":2,"grade":2,"name":"이가영","instrument":"오르간","birth":"??","video":"","region":"빌뉴스","country":"리투아니아","lat":54.6871555,"lng":25.2796514},
{"compname":"International Johann Sebastian Bach Competition","year":2002,"grade":3,"grade":3,"name":"박승희","instrument":"성악","birth":"1위없음 ?","video":"","region":"라이프치히","country":"독일","lat":51.3396955,"lng":12.3730747},
{"compname":"International Johann Nepomuk Hummel Piano Competition","year":2014,"grade":1,"grade":1,"name":"김수연","instrument":"피아노","birth":"1994","video":"https://youtu.be/tq9TpA3Nghw","region":"브라티슬라바","country":"슬로바키아","lat":48.1485965,"lng":17.1077478},
{"compname":"International Jeunesses Musicales Competition","year":2010,"grade":1,"grade":1,"name":"심준호","instrument":"첼로","birth":"1987","video":"https://youtu.be/lx2hN2b2tCA","region":"베오그라드","country":"세르비아","lat":44.786568,"lng":20.4489216},
{"compname":"International Franz Liszt Piano Competition","year":2017,"grade":2,"grade":2,"name":"홍민수","instrument":"피아노","birth":"1992","video":"https://youtu.be/Mt2slbZkCAg","region":"위트레흐트","country":"네덜란드","lat":52.0907374,"lng":5.1214201},
{"compname":"International Double Bass Competition 'Johann Matthias Sperger'","year":2010,"grade":1,"grade":1,"name":"성미경","instrument":"더블베이스","birth":"1993","video":"","region":"루드빅스루스트","country":"독일","lat":53.3244914,"lng":11.4969238},
{"compname":"International Double Bass Competition 'Johann Matthias Sperger'","year":2006,"grade":1,"grade":1,"name":"성민제","instrument":"더블베이스","birth":"1990","video":"https://youtu.be/-_kouy1MMZ4","region":"루드빅스루스트","country":"독일","lat":53.3244914,"lng":11.4969238},
{"compname":"International Contest Long-Thibaud-Crespin","year":2008,"grade":1,"grade":1,"name":"신지아","instrument":"바이올린","birth":"1987","video":"https://youtu.be/No7NeEaVls4","region":"파리","country":"프랑스","lat":48.856614,"lng":2.3522219},
{"compname":"International Contest Long-Thibaud-Crespin","year":2011,"grade":1,"grade":1,"name":"심기환","instrument":"성악","birth":"","video":"","region":"파리","country":"프랑스","lat":48.856614,"lng":2.3522219},
{"compname":"International Contest Long-Thibaud-Crespin","year":2001,"grade":1,"grade":1,"name":"임동혁","instrument":"피아노","birth":"1984","video":"https://youtu.be/P7B5sc_DCTY","region":"파리","country":"프랑스","lat":48.856614,"lng":2.3522219},
{"compname":"International Competition for Young Pianists in Memory of Vladimir Horowitz","year":2010,"grade":1,"grade":1,"name":"김고운","instrument":"피아노","birth":"?","video":"","region":"키예프","country":"우크라이나","lat":50.4501,"lng":30.5234},
{"compname":"International Competition for Young Pianists in Memory of Vladimir Horowitz","year":2017,"grade":1,"grade":1,"name":"김준희","instrument":"피아노 ","birth":"1990","video":"https://youtu.be/0K5MgIaX_as","region":"키예프","country":"우크라이나","lat":50.4501,"lng":30.5234},
{"compname":"International Competition 'Franz Schubert and Modern Music'","year":1997,"grade":1,"grade":1,"name":"김은정","instrument":"피아노듀오","birth":"??","video":"","region":"그라츠","country":"오스트리아","lat":47.070714,"lng":15.439504},
{"compname":"International Chamber Music Competition 'Pinerolo e Torino - Citta metropolitana'","year":2013,"grade":1,"grade":1,"name":"윤트리오(핀란드+한국)","instrument":"피아노 트리오","birth":"2013년 결성","video":"https://youtu.be/tY5z5VojRcA","region":"피네롤로","country":"이탈리아","lat":44.8845906,"lng":7.3306676},
{"compname":"International Beethoven Piano Competition Vienna","year":2009,"grade":3,"grade":3,"name":"전지훈","instrument":"피아노","birth":"1986/1위없음","video":"","region":"비엔나","country":"오스트리아","lat":48.2081743,"lng":16.3738189},
{"compname":"International Beethoven Piano Competition Vienna","year":2009,"grade":3,"grade":3,"name":"한지호","instrument":"피아노 ","birth":"1위없음","video":"","region":"비엔나","country":"오스트리아","lat":48.2081743,"lng":16.3738189},
{"compname":"Hong Kong International Piano Competition","year":2008,"grade":1,"grade":1,"name":"이진상","instrument":"피아노","birth":"","video":"","region":"홍콩","country":"중국","lat":22.396428,"lng":114.109497},
{"compname":"Honens Piano Competition","year":2006,"grade":1,"grade":1,"name":"손민수","instrument":"피아노","birth":"1976","video":"https://youtu.be/mYiyuPA7O-Y","region":"캘거리","country":"캐나다","lat":51.0486151,"lng":-114.0708459},
{"compname":"Grzegorz Fitelberg International Competition for Conductors","year":1991,"grade":2,"grade":2,"name":"함신익","instrument":"지휘","birth":"1957/1위 없음","video":"1979 1회 / 4년마다","region":"카토비체","country":"폴란드","lat":50.2648919,"lng":19.0237815},
{"compname":"George Enescu International Competition","year":2016,"grade":1,"grade":1,"name":"김계희","instrument":"바이올린","birth":"1993","video":"https://youtu.be/7VJo1maLyf4","region":"부쿠레슈티","country":"루마니아","lat":44.4267674,"lng":26.1025384},
{"compname":"George Enescu International Competition","year":2015,"grade":1,"grade":1,"name":"홍은선","instrument":"첼로","birth":"1989","video":"https://youtu.be/KkqZxmcm3Xo","region":"부쿠레슈티","country":"루마니아","lat":44.4267674,"lng":26.1025384},
{"compname":"Geneva International Music Competition","year":2014,"grade":1,"grade":1,"name":"문지영","instrument":"피아노","birth":"","video":"","region":"제네바","country":"스위스","lat":46.2043907,"lng":6.1431577},
{"compname":"Geneva International Music Competition","year":1971,"grade":1,"grade":1,"name":"정명화","instrument":"첼로","birth":"1944","video":"https://youtu.be/hLQElPuo2Zc","region":"제네바","country":"스위스","lat":46.2043907,"lng":6.1431577},
{"compname":"Geneva International Music Competition","year":2013,"grade":1,"grade":1,"name":"조광호 ","instrument":"작곡 ","birth":"1987","video":"https://youtu.be/t6qtE0gcLq0","region":"제네바","country":"스위스","lat":46.2043907,"lng":6.1431577},
{"compname":"EPINAL International Piano Competition","year":2003,"grade":1,"grade":1,"name":"김성훈","instrument":"피아노","birth":"1979","video":"","region":"에피날","country":"프랑스","lat":48.172402,"lng":6.449403},
{"compname":"EPINAL International Piano Competition","year":2011,"grade":1,"grade":1,"name":"김다솔","instrument":"피아노","birth":"1989","video":"https://youtu.be/IDvvojjQZxA","region":"에피날","country":"프랑스","lat":48.172402,"lng":6.449403},
{"compname":"EPINAL International Piano Competition","year":2007,"grade":1,"grade":1,"name":"임호열","instrument":"피아노","birth":"1985","video":"https://youtu.be/npjI4le9oCI","region":"에피날","country":"프랑스","lat":48.172402,"lng":6.449403},
{"compname":"Dublin International Piano Competition","year":2006,"grade":2,"grade":2,"name":"김규연","instrument":"피아노","birth":"1985","video":"https://youtu.be/TpibcfHy8NI","region":"더블린","country":"아일랜드","lat":53.3498053,"lng":-6.2603097},
{"compname":"Dublin International Piano Competition","year":2009,"grade":2,"grade":2,"name":"박종해","instrument":"피아노","birth":"1990","video":"https://youtu.be/KzoE0eZ0fnQ","region":"더블린","country":"아일랜드","lat":53.3498053,"lng":-6.2603097},
{"compname":"Dranoff International 2 Piano Competition","year":2013,"grade":2,"grade":2,"name":"유앤김 듀오","instrument":"피아노 듀오","birth":"","video":"","region":"마이애미","country":"미국","lat":25.7616798,"lng":-80.1917902},
{"compname":"Concours musical international de Montreal (CMIM)","year":2015,"grade":1,"grade":1,"name":"김건우","instrument":"테너 ","birth":"1985","video":"https://youtu.be/rwVKDzrl62s","region":"몬트리올","country":"캐나다","lat":45.5016889,"lng":-73.567256},
{"compname":"Concours musical international de Montreal (CMIM)","year":2006,"grade":1,"grade":1,"name":"조진주","instrument":"바이올린","birth":"","video":"","region":"몬트리올","country":"캐나다","lat":45.5016889,"lng":-73.567256},
{"compname":"Concours musical international de Montreal (CMIM)","year":2005,"grade":1,"grade":1,"name":"황신녕","instrument":"성악","birth":"1972","video":"","region":"몬트리올","country":"캐나다","lat":45.5016889,"lng":-73.567256},
{"compname":"Concours International de Musique Gian Battista Viotti","year":2002,"grade":1,"grade":1,"name":"손열음","instrument":"피아노 ","birth":"","video":"","region":"베르첼리","country":"이탈리아","lat":45.3202272,"lng":8.4185735},
{"compname":"Concours International de Musique Gian Battista Viotti","year":2003,"grade":1,"grade":1,"name":"임효선","instrument":"피아노","birth":"1981","video":"https://youtu.be/b3uKh2CdLMY","region":"베르첼리","country":"이탈리아","lat":45.3202272,"lng":8.4185735},
{"compname":"Concours International de Musique Gian Battista Viotti","year":1985,"grade":1,"grade":1,"name":"조수미","instrument":"성악","birth":"1962","video":"https://youtu.be/ZAiCbYc4hQ0","region":"베르첼리","country":"이탈리아","lat":45.3202272,"lng":8.4185735},
{"compname":"Concours International de Musique Gian Battista Viotti","year":2015,"grade":1,"grade":1,"name":"조찬희","instrument":"성악","birth":"1993","video":"https://youtu.be/8Z3QwElTtyc","region":"베르첼리","country":"이탈리아","lat":45.3202272,"lng":8.4185735},
{"compname":"Cleveland International Piano Competition","year":1985,"grade":1,"grade":1,"name":"김대진","instrument":"피아노","birth":"1962","video":"https://youtu.be/aWq4mvZgsRM","region":"클리블랜드","country":"미국","lat":41.49932,"lng":-81.6943605},
{"compname":"Cleveland International Piano Competition","year":1983,"grade":1,"grade":1,"name":"안영신 ","instrument":"피아노","birth":" ??","video":"","region":"클리블랜드","country":"미국","lat":41.49932,"lng":-81.6943605},
{"compname":"Clara Haskil International Piano Competition","year":2005,"grade":1,"grade":1,"name":"김선욱","instrument":"피아노","birth":"","video":"","region":"브베","country":"스위스","lat":46.4628333,"lng":6.8419192},
{"compname":"China International Vocal Competition","year":2011,"grade":2,"grade":2,"name":"양제경","instrument":"성악","birth":"1985/1위없음","video":"","region":"닝보","country":"중국","lat":29.868336,"lng":121.54399},
{"compname":"China International Violin Competition","year":2012,"grade":1,"grade":1,"name":"김봄소리","instrument":"바이올린","birth":"1989","video":"https://youtu.be/sxelnXmdA7E","region":"칭다오","country":"중국","lat":36.067108,"lng":120.382609},
{"compname":"China International Violin Competition","year":2014,"grade":1,"grade":1,"name":"송지원","instrument":"바이올린","birth":"","video":"","region":"칭다오","country":"중국","lat":36.067108,"lng":120.382609},
{"compname":"Carl Nielsen International Music Competition","year":2005,"grade":1,"grade":1,"name":"권혁주","instrument":"바이올린","birth":"1985-2016","video":"https://youtu.be/T3uUllEXRDc","region":"오덴세","country":"덴마크","lat":55.403756,"lng":10.40237},
{"compname":"Carl Nielsen International Music Competition","year":2016,"grade":1,"grade":1,"name":"이지윤","instrument":"바이올린","birth":"1992","video":"https://youtu.be/xqrLXqEbGAA","region":"오덴세","country":"덴마크","lat":55.403756,"lng":10.40237},
{"compname":"Budapest International Music Competitions","year":2006,"grade":1,"grade":1,"name":"성시연 ","instrument":"지휘","birth":"1976","video":"https://youtu.be/SvBAvvJOB10","region":"부다페스트","country":"헝가리","lat":47.497912,"lng":19.040235},
{"compname":"Bordeaux International String Quartet Competition","year":2005,"grade":1,"grade":1,"name":"파커 콰르텟","instrument":"현악4중주","birth":"2002년 창단","video":"https://youtu.be/OKfl2k3jY8o","region":"보르도","country":"프랑스","lat":44.837789,"lng":-0.57918},
{"compname":"Beijing International Music Competition","year":2012,"grade":3,"grade":3,"name":"조성현 ","instrument":"플루트","birth":"1990","video":"https://youtu.be/SwNW_h5u4A4","region":"베이징","country":"중국","lat":39.9041999,"lng":116.4073963},
{"compname":"ARD International Music Competition","year":2003,"grade":1,"grade":1,"name":"김동섭","instrument":"성악","birth":"1974","video":"https://youtu.be/ggLQNZepbxw","region":"뮌헨","country":"독일","lat":48.1351253,"lng":11.5819805},
{"compname":"ARD International Music Competition","year":2009,"grade":1,"grade":1,"name":"박혜윤","instrument":"바이올린","birth":"1992","video":"https://youtu.be/MXd828QgreQ","region":"뮌헨","country":"독일","lat":48.1351253,"lng":11.5819805},
{"compname":"ARD International Music Competition","year":2017,"grade":1,"grade":1,"name":"손정범","instrument":"피아노","birth":"1991","video":"https://youtu.be/gt1oL8qo00U","region":"뮌헨","country":"독일","lat":48.1351253,"lng":11.5819805},
{"compname":"ARD International Music Competition","year":2006,"grade":1,"grade":1,"name":"양준모","instrument":"성악","birth":"1980","video":"","region":"뮌헨","country":"독일","lat":48.1351253,"lng":11.5819805},
{"compname":"ARD International Music Competition","year":2013,"grade":1,"grade":1,"name":"이유라","instrument":"비올라","birth":"","video":"","region":"뮌헨","country":"독일","lat":48.1351253,"lng":11.5819805},
{"compname":"Aram Khachaturian International Competition","year":2016,"grade":1,"grade":1,"name":"박준성","instrument":"지휘","birth":"1982","video":"","region":"예레반","country":"아르메니아","lat":40.1791857,"lng":44.4991029},
{"compname":"'Robert Schumann' International Competition","year":1993,"grade":1,"grade":1,"name":"정록기 ","instrument":"성악","birth":"1962","video":"https://youtu.be/dVRIXf8zJko","region":"츠비카우","country":"독일","lat":50.7102169,"lng":12.4733725},
{"compname":"'Michael Hill' International Violin Competition","year":2015,"grade":1,"grade":1,"name":"강수연","instrument":"바이올린","birth":"1989","video":"https://youtu.be/94RHh9lJMaw","region":"오클랜드","country":"뉴질랜드","lat":-36.8484597,"lng":174.7633315},
{"compname":"'Jean Sibelius' International Violin Competition","year":2015,"grade":1,"grade":1,"name":"크리스텔리(미국국적)","instrument":"바이올린","birth":"1990","video":"https://youtu.be/ht-_qUHamhM","region":"헬싱키","country":"핀란드","lat":60.1698557,"lng":24.9383791},
{"compname":"'Henryk Wieniawski' International Violin Competition","year":2011,"grade":1,"grade":1,"name":"윤소영","instrument":"바이올린","birth":"","video":"","region":"포즈난","country":"폴란드","lat":52.406374,"lng":16.9251681},
{"compname":"'Henryk Wieniawski' International Violin Competition","year":2001,"grade":2,"grade":2,"name":"한수진","instrument":"바이올린","birth":"1986","video":"","region":"포즈난","country":"폴란드","lat":52.406374,"lng":16.9251681},
{"compname":"'Geza Anda' International Piano Competition","year":2009,"grade":1,"grade":1,"name":"이진상 ","instrument":"피아노","birth":"","video":"https://youtu.be/K6H22LGoBZ4","region":"취리히","country":"스위스","lat":47.3768866,"lng":8.541694},
{"compname":"'Ferruccio Busoni' International Piano Competition","year":2015,"grade":1,"grade":1,"name":"문지영","instrument":"피아노","birth":"1995","video":"https://youtu.be/dqu1yByjA6g","region":"볼차노","country":"이탈리아","lat":46.4982953,"lng":11.3547582},
{"compname":"'Citta di Brescia' International Violin Competition","year":2010,"grade":2,"grade":2,"name":"조가현 ","instrument":"바이올린","birth":"","video":"","region":"브레시아","country":"이탈리아","lat":45.5415526,"lng":10.2118019},
{"compname":"'Arturo Toscanini' International Conducting Competition","year":2017,"grade":2,"grade":2,"name":"차웅","instrument":"지휘","birth":"1984/1위없음","video":"https://youtu.be/jRZipEFA-T4","region":"파르마","country":"이탈리아","lat":44.801485,"lng":10.3279036},
{"compname":"'Alessandro Casagrande' International Piano Competition","year":2002,"grade":2,"grade":2,"name":"윤홍천 ","instrument":"피아노`","birth":"1982/1위없음","video":"https://youtu.be/aROYCk2o_d0","region":"테르니","country":"이탈리아","lat":42.5636168,"lng":12.6426604},
{"compname":"'Michele Pittaluga' International Classical Guitar and Composition Competition","year":2010,"grade":1,"grade":1,"name":"강경묵","instrument":"작곡 ","birth":"1987","video":"https://youtu.be/X8UT0trB6ek","region":"알레산드리아","country":"이탈리아","lat":44.9072727,"lng":8.6116796}]